RT @cesamo70: El que paga manda se√±or @ClaudioXGG  Si nuevo aeropuerto se construir√° con mis impuestos, claro que quiero determinar su cons‚Ä¶	@bionica82	Tue Jul 17 05:14:17 +0000 2018
RT @JAntonioOcampoO: El ‚ÄúSenador Electo‚Äù de Morena en Michoac√°n, ya hasta se da el lujo de llegar ‚Äúpedo‚Äù a sus propias ruedas de prensa...‚Ä¶	@letras_rojas	Tue Jul 17 05:14:18 +0000 2018
RT @Narusailor: Victoria Dornelas la mujer que inspir√≥ a Jorge Gonz√°lez Camarena para pintar su famoso cuadro La Patria (1962). Ella repres‚Ä¶	@octaviusmex	Tue Jul 17 05:14:18 +0000 2018
MORENA BASTA DE VER VIDEOS HORROBLES me aparecen en el inicio forra	@xbastanitx	Tue Jul 17 05:14:19 +0000 2018
RT @OvejaElectrica_: Es irrelevante que "perd√≠" tu inter√©s; no te salgas por la tangente, la manera en que expones t√∫ tus opinioncitas, es‚Ä¶	@maritza_unam	Tue Jul 17 05:14:19 +0000 2018
@ARiveraE1 Eso no va con el tema, te acordaste de mi por el Tweet sobre la morena üòçüòÇüòÇ	@i_barquerog	Tue Jul 17 05:14:20 +0000 2018
RT @CarlosTorresF_: Odias que los expresidentes tengan una pensi√≥n, pero no odias que #MORENA vaya a recibir m√°s de 1,500 MDP s√≥lo en un a√±‚Ä¶	@OmarArguelles	Tue Jul 17 05:14:20 +0000 2018
RT @Narusailor: Victoria Dornelas la mujer que inspir√≥ a Jorge Gonz√°lez Camarena para pintar su famoso cuadro La Patria (1962). Ella repres‚Ä¶	@senseijvaldes	Tue Jul 17 05:14:20 +0000 2018
RT @Narusailor: Victoria Dornelas la mujer que inspir√≥ a Jorge Gonz√°lez Camarena para pintar su famoso cuadro La Patria (1962). Ella repres‚Ä¶	@dirceu_2012	Tue Jul 17 05:14:20 +0000 2018
RT @fmartinmoreno: El futuro secretario de comunicaciones de AMLO desea reunir a expertos en operaciones aeroportuarias para que opinen en‚Ä¶	@RubenReachi	Tue Jul 17 05:14:21 +0000 2018
Suscribo  @mlucascir Alta burocracia q se cree, #AltaBurgues√≠a, alta burocracia q se cree, #AltaAristocracia, con b‚Ä¶ https://t.co/6jqpxujrwT	@_il_Consigliere	Tue Jul 17 05:14:21 +0000 2018
RT @sydneybaretts: ‚Äúcat eye‚Äù MORENA P L S https://t.co/18N9n9ubxt	@chsdrly	Tue Jul 17 05:14:21 +0000 2018
La tipa que estuvo rn mi mochila siempre ahre https://t.co/OctXTGyqcf	@Moarmelubius	Tue Jul 17 05:14:22 +0000 2018
La ingenuidad en su m√°xima expresi√≥n... https://t.co/Pk3IRLRvIh	@MishaelMejia	Tue Jul 17 05:14:22 +0000 2018
RT @Carlossassarini: En un 40% disminuir√° su sueldo AMLO al asumir como presidente de M√©xico https://t.co/2TzHdZgf5s  https://t.co/0kZmKhNo‚Ä¶	@margamarcha	Tue Jul 17 05:14:22 +0000 2018
RT @monerohernandez: No entiendo: tengo un vecino que tambi√©n se la pasa diciendo puras pendejadas y ning√∫n medio lo cita. https://t.co/Ttz‚Ä¶	@maniwelin	Tue Jul 17 05:14:22 +0000 2018
RT @ChairoMexicano: La derecha siempre acusar√° censura y represi√≥n donde no la hay. Los canallas @FelipeCalderon y @Mzavalagc culpan a AMLO‚Ä¶	@yzraelrock	Tue Jul 17 05:14:23 +0000 2018
RT @TenochHuerta: Ellos deben pagar su propia seguridad y reintegrarse a la civil de el pa√≠s que gobernaron. No son ex monarcas que abdicar‚Ä¶	@josefinatrufa	Tue Jul 17 05:14:23 +0000 2018
RT @lopezdoriga: Vaticano desmiente a AMLO: el papa Francisco no participar√° en foros de paz https://t.co/Yz2WcJD1qI https://t.co/nCpLla9oWl	@fplovin	Tue Jul 17 05:14:25 +0000 2018
RT @webcamsdemexico: V√≠a @Narusailor:  Victoria Dornelas la mujer que inspir√≥ a Jorge Gonz√°lez Camarena para pintar su famoso cuadro La Pat‚Ä¶	@LifeIsSoYummi	Tue Jul 17 05:14:25 +0000 2018
@HSantaCruzSanta @SCJN @PRI_Nacional @AccionNacional Que se queden si quieren, pero col el sueldo que dice Andr√©s Manuel Lopez Obrador	@jjossse67	Tue Jul 17 05:14:25 +0000 2018
Este es plan de SALINAS para desestabilizar al presidente AMLO https://t.co/fucDBIe0sd v√≠a @YouTube	@alejandroaalex	Tue Jul 17 05:14:25 +0000 2018
RT @jccharc: ‚ÄúAMLO es tu presidente pendejo‚Äù   Efectivamente, el carma (sic) existe, en esta ocasi√≥n en forma de una traviesa (e inexistent‚Ä¶	@tusdea	Tue Jul 17 05:14:26 +0000 2018
RT @Bluesjakie: AMLO bb tiene fans hasta en Jap√≥n, y le rinden culto de maneras √©picas xD Cr√©ditos: Ivan Biurcos  Rapter Estudio https://t.‚Ä¶	@fabiola031919	Tue Jul 17 05:14:26 +0000 2018
RT @jenarovillamil: Viniendo de Diego Fern√°ndez de Cevallos, quien litig√≥ en contra del Estado mexicano para obtener 1,600 mdp y se le cons‚Ä¶	@annaazul	Tue Jul 17 05:14:26 +0000 2018
RT @monerohernandez: No entiendo: tengo un vecino que tambi√©n se la pasa diciendo puras pendejadas y ning√∫n medio lo cita. https://t.co/Ttz‚Ä¶	@miuralara	Tue Jul 17 05:14:26 +0000 2018
RT @tunegropapa: @epigmenioibarra Sr. Ibarra no digo que las fuerzas Armadas de Mexico no hayan cometido errores; pero ahora que ya gan√≥ su‚Ä¶	@MelekMalaikat	Tue Jul 17 05:14:28 +0000 2018
RT @Julius_Byron: @SaulSeguraB @PabloFase2 @consultormarco2 @FerVazquez3 @Pubkiw2018 @JavierG72121785 @Eustasio53 @AlexFYL @pparroso @JuanC‚Ä¶	@jacmiller1117	Tue Jul 17 05:14:28 +0000 2018
RT @hectoralexx: Muy preocupados los pejef√≥bicos porque AMLO restringe los gastos de seguridad de los ex presidentes y temen por la segurid‚Ä¶	@urgecambiaramex	Tue Jul 17 05:14:29 +0000 2018
to pemsando na morena, de@novo	@kroliax	Tue Jul 17 05:14:29 +0000 2018
RT @iTsoaeli: "Rea o boka Morena. Re ntse re thabela wena. Re sa phela ha monate, ka paballo ya hao Ntate." üíïüíï morning	@Letsang	Tue Jul 17 05:14:29 +0000 2018
RT @ElFinanciero_Mx: Morena propone que dieta de senadores pase de 300 mil a 90 mil pesos mensuales https://t.co/VwjOi5wDtN https://t.co/Fz‚Ä¶	@SolecitaRQxy	Tue Jul 17 05:14:29 +0000 2018
RT @ElFinanciero_Mx: Morena propone que dieta de senadores pase de 300 mil a 90 mil pesos mensuales https://t.co/VwjOi5wDtN https://t.co/Fz‚Ä¶	@jorgee_jume	Tue Jul 17 05:14:30 +0000 2018
#LaMesaRe√±o√±aEnVivo @franco_esca seg√∫n yo ningun funcionario puede ganas m√°s que el presidente, esto solo como dato‚Ä¶ https://t.co/YaATgv42To	@gogeta_riky	Tue Jul 17 05:14:30 +0000 2018
Gobernadores piden m√°s dinero, AMLO los batea | Reporte Indigo 1536 https://t.co/WB0hqwBviJ v√≠a @YouTube	@AlanPulidoPower	Tue Jul 17 05:14:31 +0000 2018
RT @LosIrritantes: En el operativo de seguridad por la visita este viernes de una comisi√≥n de alto nivel estadunidense a las oficinas de AM‚Ä¶	@Galaloquis	Tue Jul 17 05:14:32 +0000 2018
RT @ExpansionMx: VIDEO: El gremio gasolinero analiza las promesas de #AMLO  https://t.co/t14RVYOc6J https://t.co/0Wttbykrt6	@JbernaJordi	Tue Jul 17 05:14:32 +0000 2018
RT @PodemosPueblo: Se llama Luis Mar√≠a Aguilar Morales, juez de la @SCJN y percibe 650 MIL pesos mensuales; se declara en rebveld√≠a y no ac‚Ä¶	@gv_enoc	Tue Jul 17 05:14:33 +0000 2018
RT @salvadormanriq: Me encanta y sorprende (para bien) AMLO Adi√≥s üëã despilfarro üòúüòéüëçüèº en serio	@ConYaSabenQuien	Tue Jul 17 05:14:33 +0000 2018
Le belle immagini della Lucania  Tratto da:¬†Onda Lucana¬ÆbyAntonio Morena  Rotonda(pz),¬†il Comune del¬†Parco Nazional‚Ä¶ https://t.co/mFUuXSWYcU	@futureal1234	Tue Jul 17 05:14:33 +0000 2018
RT @Cuervomk: El corrupto Romero Deschamps recibi√≥ 1200 millones de pesos de 2006 a la fecha.(12 a√±os)  @lopezobrador_ va a recibir 1400 mi‚Ä¶	@mochopunk	Tue Jul 17 05:14:33 +0000 2018
RT @yoshgawen: Critican las medidas de austeridad propuestas por AMLO, pero que INDIGNANTE enterarse que los ministros de la @SCJN se aferr‚Ä¶	@CarmenG68916159	Tue Jul 17 05:14:34 +0000 2018
"Me impresiona que el equipo de AMLO analiz√≥ perfectamente a Trump", maigos, ni que fuera rocket science.	@cin_ceja	Tue Jul 24 16:14:38 +0000 2018
cara, qual a concep√ß√£o de vcs sobre uma mulher morena? √© s√©rio, queria saber real	@_claudiinha	Tue Jul 24 16:14:39 +0000 2018
RT @CarlosGidiB: Ser√° por eso que ahora corteja a #AMLO? Un camale√≥n es menos transformista. https://t.co/QZ5UIOQaST	@ivan_zererino	Tue Jul 24 16:14:39 +0000 2018
RT @ExpansionMx: AMLO continuar√° con las Zonas Econ√≥micas Especiales de Pe√±a https://t.co/1kFFJ0x21v https://t.co/USTLP7ExEH	@blancaestrada_	Tue Jul 24 16:14:39 +0000 2018
RT @DeniseDresserG: Momento en el cual AMLO/Morena deber√≠an incluir en su agenda legislativa la reducci√≥n en 50 por ciento al financiamient‚Ä¶	@LucindaLamaLama	Tue Jul 24 16:14:40 +0000 2018
RT @Miriam_Junne: Ahora  los diputados y senadores  le piden a AMLO no bajarles el sueldo. Va quedando claro porqu√© el pais est√° como est√°.‚Ä¶	@exodusMX	Tue Jul 24 16:14:40 +0000 2018
üëãü§ì Jueguecito del d√≠a: a las 19:30h os vamos a subir el v√≠deo que acompa√±a este audio üëáüëÇ. ¬øQui√©n lo protagoniza?  A‚Ä¶ https://t.co/3NmOJsR0fi	@OT_Oficial	Tue Jul 24 16:14:40 +0000 2018
RT @NotiChimely: Ayer fue: Voto masivo a Morena  Ahora es:  Apoyo masivo a L√≥pez Obrador  #TodosUnidosConAMLO	@ANABELDOMNGUEZ8	Tue Jul 24 16:14:41 +0000 2018
RT @WSJForero: L√≥pez Obrador will take personal command of security strategy, rein in errant governors and eradicate the corruption that fu‚Ä¶	@Jose_deCordoba	Tue Jul 24 16:14:41 +0000 2018
ALGO POSITIVO SALDR√Å CON L√ìPEZ OBRADOR, DICE TRUMP https://t.co/9hZF2bdZB5	@codice_mich	Tue Jul 24 16:14:42 +0000 2018
#FeriaDeEmpleo ofertada para esos priistas que se quedar√°n sin empleo por la llegada de morena	@mrgrillo23	Tue Jul 24 16:14:42 +0000 2018
RT @ALEIDAALAVEZ: Planean primera refiner√≠a de AMLO en Tabasco via El Universal https://t.co/qpRVtjm9ve	@carreon_hdez	Tue Jul 24 16:14:43 +0000 2018
RT @CuestaMonica: @InesArrimadas A ver morena, esta anciana es de Navacerrada... Qu√© desprecio hacia tus ac√≥litos; cuelgas esta farsa creye‚Ä¶	@maxslleida	Tue Jul 24 16:14:43 +0000 2018
RT @cesamo70: Que Morena y @lopezobrador_ tengan poder absoluto en M√©xico es lo mejor que pudo suceder...  Si hacen las cosas correctamente‚Ä¶	@magdasolis	Tue Jul 24 16:14:43 +0000 2018
RT @norma22flores: Pe√±a Nieto tiene que justificar a d√≥nde va dinero de pr√©stamo que pidi√≥: AMLO https://t.co/pE5SD4q3pH	@gromeroz123	Tue Jul 24 16:14:44 +0000 2018
RT @Helioflores_mex: APROVECHANDO LA CONFUSI√ìN. ‚Ä¶y a la voz de "el de atr√°s paga", EPN endeuda m√°s al pa√≠s. ( Pero algunos tuiteros se muer‚Ä¶	@yazmincm	Tue Jul 24 16:14:44 +0000 2018
RT @kennidy_moraes: Quando falo que morena √© outra fita vcs n√£o acredita https://t.co/DonCsWyPfC	@dreyancrf	Tue Jul 24 16:14:44 +0000 2018
RT @Helioflores_mex: APROVECHANDO LA CONFUSI√ìN. ‚Ä¶y a la voz de "el de atr√°s paga", EPN endeuda m√°s al pa√≠s. ( Pero algunos tuiteros se muer‚Ä¶	@Benigno_Mtz_Cza	Tue Jul 24 16:14:44 +0000 2018
RT @politico_gato: Aunque el proyecto de Andr√©s Manuel L√≥pez Obrador de construir dos nuevas refiner√≠as ha recibido varias cr√≠ticas, el sec‚Ä¶	@casarthur2000	Tue Jul 24 16:14:44 +0000 2018
Comit√© T√©cnico del Fideicomiso 'Por los dem√°s' tambi√©n impugnar√° multa a Morena: B√°tiz https://t.co/F6rnbkztH9	@yolotlyaotl	Tue Jul 24 16:14:45 +0000 2018
RT @RoyCampos: 6 de cada 10 mexicanos creen que en su primer a√±o el gobierno de AMLO mejorar√° la situaci√≥n del pa√≠s https://t.co/vhP9rQ7tZw‚Ä¶	@Kalifa13	Tue Jul 24 16:14:46 +0000 2018
RT @jenarovillamil: El 59.6% de los encuestados siente tranquilidad ante la llegada de AMLO a la presidencia. https://t.co/XbN3EEsU1T	@DELOVSKI976	Tue Jul 24 16:14:47 +0000 2018
RT @Vampiroperver: Rafael Barajas "el fisg√≥n": la verdad sobre el fideicomiso y la multa del INE a morena https://t.co/5Dmk4whisn	@ANABELDOMNGUEZ8	Tue Jul 24 16:14:47 +0000 2018
Justice for Morena and her sister killed by poisoning! Plz sign: https://t.co/oIqiaNr06R https://t.co/fbmQ29gdIn	@AnimalsBelize	Tue Jul 24 16:14:47 +0000 2018
RT @Tinunjei: ¬øHasta cu√°ndo reubicar√° @AlejandroMurat del #PRI a los #ind√≠genas desplazados #triquis de #Copala de @LorenaMerinoMx_? #XIIIC‚Ä¶	@magah55	Tue Jul 24 16:14:48 +0000 2018
RT @acostanaranjo: Lino Korrodi, hoy en morena, organiz√≥ el fideicomiso privado "amigos de Fox" que fue investigado y castigado por la auto‚Ä¶	@Felixmr13	Tue Jul 24 16:14:48 +0000 2018
@rubenavapolina @rivapa El trasfondo es que se violo la ley electoral, con ese fideicomiso, gente de Morena retir√≥‚Ä¶ https://t.co/jywRBKd7lw	@Joselhdhez61	Tue Jul 24 16:14:48 +0000 2018
¬øPor qu√© AMLO evit√≥ tocar temas como el muro y el tr√°fico de armas? D√©janos tu opini√≥n en los comentarios. ‚ñ∂Ô∏è‚Ä¶ https://t.co/IR2zLJNFP7	@PolimatiaOnline	Tue Jul 24 16:14:50 +0000 2018
RT @jgnaredo: Quienes odian a los seguidores de @lopezobrador_ lo hacen, en parte, por envidia.  Y es que los detestan no tanto por AMLO, s‚Ä¶	@RoxiAbi	Tue Jul 24 16:14:51 +0000 2018
RT @DeniseDresserG: Momento en el cual AMLO/Morena deber√≠an incluir en su agenda legislativa la reducci√≥n en 50 por ciento al financiamient‚Ä¶	@LaitoAlanis	Tue Jul 24 16:14:52 +0000 2018
RT @resendizmonero: "Pa acabar pronto" #multa #AMLOPresidente #AMLO #Elecciones2018 https://t.co/L70UI1YoVx	@Erickisback1	Tue Jul 24 16:14:52 +0000 2018
RT @SanjuanaMtz: Me encantan: primero dec√≠an que la relaci√≥n de AMLO con Trump ser√≠a un desastre, explosiva, la hecatombe. Ahora que Trump‚Ä¶	@Rodrigo58127575	Tue Jul 24 16:14:53 +0000 2018
L√≥pez Obrador llega a oficinas en la colonia Roma para atender agenda - https://t.co/17xsyEHHWv #M√©xico https://t.co/355OMTfRuW	@impactomx	Tue Jul 24 16:14:53 +0000 2018
RT @DeniseDresserG: Momento en el cual AMLO/Morena deber√≠an incluir en su agenda legislativa la reducci√≥n en 50 por ciento al financiamient‚Ä¶	@carlos49ega	Tue Jul 24 16:14:55 +0000 2018
@edmrs ¬øNo aplaudes que los otros partidos hayan hecho lo mismo? ¬øO solo te gusta lo de Morena por haber sido ilegal?	@Kadenian	Tue Jul 24 16:14:55 +0000 2018
RT @DeniseDresserG: Momento en el cual AMLO/Morena deber√≠an incluir en su agenda legislativa la reducci√≥n en 50 por ciento al financiamient‚Ä¶	@Meliton1721	Tue Jul 24 16:14:56 +0000 2018
RT @ElFinancieroTv: Queremos igualar el valor de una lengua ind√≠gena y al valor del ingl√©s. Que un maestro que da clases de zapoteco gane i‚Ä¶	@laualzua	Tue Jul 24 16:14:56 +0000 2018
RT @DeniseDresserG: Momento en el cual AMLO/Morena deber√≠an incluir en su agenda legislativa la reducci√≥n en 50 por ciento al financiamient‚Ä¶	@RaulGutierrezCa	Tue Jul 24 16:14:56 +0000 2018
RT @OT_Oficial: üëãü§ì Jueguecito del d√≠a: a las 19:30h os vamos a subir el v√≠deo que acompa√±a este audio üëáüëÇ. ¬øQui√©n lo protagoniza?  A) CHICA‚Ä¶	@Ot2017Mireya	Tue Jul 24 16:14:57 +0000 2018
RT @homozapp: 60% de los mexicanos est√°n felices por el triunfo de AMLO: Mitofsky https://t.co/DZ3whrS7PV https://t.co/rd4SJYl9i0	@NormaLeticia66	Tue Jul 24 16:14:57 +0000 2018
RT @Poxxxacarolll: q morena rs üëÖ https://t.co/eM85BKwyiE	@gustavofxp	Tue Jul 24 16:14:58 +0000 2018
@rayleon1515 @Navegaciones @GochiHaze @AristeguiOnline @ChairoMexicano @dilmabr #AMLO ya qued√≥ vacunado de esa acci‚Ä¶ https://t.co/IVicUZz3JT	@MalloryGral	Tue Jul 24 16:14:58 +0000 2018
RT @betomatrix69: @resendizmonero Cartonazo de mi amigo Resendiz üôåüèª https://t.co/FGFtsfCJTW	@Erickisback1	Tue Jul 24 16:14:59 +0000 2018
RT @tengo12gatosyq: No fue dinero del partido  No est√° probado que ese dinero comprara votos ni que fuera al partido.  Es decir: no tienen‚Ä¶	@magdasolis	Tue Jul 24 16:14:59 +0000 2018
RT @CiroGomezL: #Morena asegura que el INE congel√≥ la cuenta del Fideicomiso. El @INEMexico responde que ellos no tienen esa facultad. Noso‚Ä¶	@ricardoentwit	Tue Jul 24 16:14:59 +0000 2018
RT @ManuelGarciaES: "Respecto a migraci√≥n, debo comentar que el prop√≥sito m√°s esencial de mi gobierno ser√° lograr que los mexicanos no teng‚Ä¶	@SusanaRizo4	Tue Jul 24 16:14:59 +0000 2018
RT @soyelciudadano2: De 193 presidentes en el mundo, AMLO ser√° el 4to peor pagado,solo por encima d los presidentes d la Rep√∫blica Checa,Po‚Ä¶	@guadalu24357895	Tue Jul 24 16:14:59 +0000 2018
Recorte salarial de AMLO a funcionarios aumentar√≠a deudas, alerta @CondusefMX https://t.co/AvlxYZm7Si https://t.co/TqWxxgV2JW	@LaOtra_Opinion	Tue Jul 24 16:15:00 +0000 2018
#Entrevista | Morena debi√≥ entregar ayuda a damnificados de manera an√≥nima, de lo contrario, el INE tiene raz√≥n, ex‚Ä¶ https://t.co/Ya0QCse7eY	@LaCronicaDeHoy	Tue Jul 24 16:15:00 +0000 2018
En el caso de Morena hay mucha gente que reconoce que es injusto lo que hace el INE y uno de ellos en el presidente‚Ä¶ https://t.co/5wo4RWHPD2	@AnaisCabrera8	Tue Jul 24 16:15:00 +0000 2018
RT @Piromana696_: Y el tren del mame de hoy, ya no es el fideicomiso, ahora es la carta de AMLO a Trump... y as√≠ seguir√°n. Para ellos AMLO‚Ä¶	@GalindezMar	Tue Jul 24 16:15:00 +0000 2018
Cuando al lado se me coloca un man a decirme (textualmente): -Esas chiquitas son las que mejor lo hacen, ¬øqu√© me di‚Ä¶ https://t.co/miKzcBwNpV	@m_ortiz9	Tue Jul 24 16:15:00 +0000 2018
RT @revistaproceso: ONG respaldan plan de AMLO para pacificar el pa√≠s y despenalizar drogas  https://t.co/J02k9QJSkm	@jmrebo	Tue Jul 24 16:15:00 +0000 2018
RT @ABarrancoCh: Como no hubo la devaluaci√≥n vaticinada ni se desquiciaron los mercados al triunfo rotundo de AMLO, habr√≠a que armar un tea‚Ä¶	@e_plata91	Tue Jul 24 16:15:01 +0000 2018
Porque no sabe que ma√±as, o que le puedan hacer. As√≠ que una vez el sem√°foro cambi√≥ me dispuse a seguir y por √∫ltim‚Ä¶ https://t.co/XMZqZWPXkZ	@m_ortiz9	Tue Jul 24 16:15:02 +0000 2018
RT @LaJornada: .@realDonaldTrump: AMLO es una "estupenda persona" https://t.co/PcEzpbmnS7 https://t.co/ATPo0w3kcU	@ViazcanV	Tue Jul 24 16:15:02 +0000 2018
RT @letymaldo: "INE a Morena" #QueSeAnuleLaEleccion  ¬°EN cualquier pa√≠s que respete y honre a sus ciudadanos ya hubieran "ejecutado" a un m‚Ä¶	@SalvadorDelRi17	Tue Jul 24 16:15:03 +0000 2018
RT @didicodanba: QUANDO A MORENA QUE TU GOSTA, PASSA NA SUA FRENTE COM OUTRO https://t.co/YxRQSxYLdy	@JeanVeiga19	Tue Jul 24 16:15:02 +0000 2018
RT @OrgulloMorena: DINERO A PARTIDOS SER√Å REDUCIDO #MORENA  Nuevamente @PartidoMorenaMx APLICANDO LA #AusteridadRepublicana   #INECastigaSo‚Ä¶	@CarlosAlmazanR	Tue Jul 24 16:15:03 +0000 2018
AMLO le pide a EPN que tiene que justificar a d√≥nde van los 10 mil millones de d√≥lares del pr√©stamo que pidi√≥ https://t.co/JKd99RHIKr	@yolotlyaotl	Tue Jul 24 16:15:04 +0000 2018
RT @RicardoAlemanMx: Ya no sabe a quien "culpar" para aclarar el fraude del fideicomiso!! https://t.co/Xo0goqaHqL	@FrisonJaiff	Tue Jul 24 16:15:03 +0000 2018
RT @FabianOchoaR: NeoChairos a esto; ¬øqu√© dicen? O ¬øs√≥lo AMLO est√° es su agenda del mame? https://t.co/49fJ0dAMKN	@Versan71	Tue Jul 24 16:15:04 +0000 2018
RT @armando_regil: No entiendo el debate entre pri√≠stas por el ‚Äúcambio‚Äù de nombre de su partido.   El cambio ya est√° hecho, la decisi√≥n fue‚Ä¶	@MaraVelazquez	Tue Jul 24 16:15:04 +0000 2018
RT @LaOtra_Opinion: #AMLO utiliz√≥ fideicomisos opacos (tambi√©n) cuando era jefe de Gobierno del DF https://t.co/tZqBc6VW8F https://t.co/GKg‚Ä¶	@CoutinhoPetit	Tue Jul 24 16:15:04 +0000 2018
#M√©xicoyMundo Ofrecer√° conferencia a las 14 horas. https://t.co/7sBdaYgeLo	@provinciamx	Tue Jul 24 16:15:06 +0000 2018
RT @EjeCentral: #OPINI√ìN | El fraude de Morena @PartidoMorenaMx (y II) &gt; @rivapa https://t.co/jrcg41ykU8 https://t.co/b22YkQkpgH	@Leosanta7	Tue Jul 24 16:15:06 +0000 2018
RT @rivapa: Lavado de dinero y delincuencia organizada, una puerta que se abre muy peligrosa en la procedencia de dinero del Fideicomiso de‚Ä¶	@Joselhdhez61	Tue Jul 24 16:15:06 +0000 2018
RT @Miriam_Junne: Ahora  los diputados y senadores  le piden a AMLO no bajarles el sueldo. Va quedando claro porqu√© el pais est√° como est√°.‚Ä¶	@Fosfeno_std	Tue Jul 24 16:15:07 +0000 2018
RT @RaulKosoBal: @revistaproceso @GilOlmos Qu√© raro que un candidato de Morena desconozca los resultados de una elecci√≥n porque no le favor‚Ä¶	@rodrigoventure	Tue Jul 24 16:15:07 +0000 2018
RT @MuySuFrida: Miente L√≥pez Obrador al decir que la cuenta del Fideicomiso de #MorenaGate est√° congelada.   Adem√°s de que sigue recibiendo‚Ä¶	@Kazita_no1	Tue Jul 24 16:15:10 +0000 2018
RT @Helioflores_mex: APROVECHANDO LA CONFUSI√ìN. ‚Ä¶y a la voz de "el de atr√°s paga", EPN endeuda m√°s al pa√≠s. ( Pero algunos tuiteros se muer‚Ä¶	@lovrega	Tue Jul 24 16:15:10 +0000 2018
RT @Dios_Tollotzinx: - Dijiste que demandar√≠as a Donald Trump, por eso vot√© por ti AMLO  -   /_\    (‡∏á ‚Ä¢ÃÄ_‚Ä¢ÃÅ)‡∏á OBL√çGAME PERRO https://t.co/‚Ä¶	@1leana	Tue Jul 24 16:15:10 +0000 2018
@TishaMumu @lujambioalberto @javierpavia1969 Pues de ah√≠ vienen AMLO y compa√±√≠a jajaja	@sebastiangarzac	Tue Jul 24 16:15:11 +0000 2018
RT @LlucyRobles: Si AMLO hoy es el virtual Presidente fue porque la mayor√≠a vot√≥ en contra de los pol√≠ticos corruptos, vividores y ap√°trida‚Ä¶	@CarlosValenz15	Tue Jul 24 16:15:11 +0000 2018
RT @DrJMMireles: El INE multa a Morena por ayudar a los damnificados con recursos de sus militantes, curiosamente cuando denunciamos p√∫blic‚Ä¶	@layiluz	Tue Jul 24 16:15:11 +0000 2018
VID 20180223 105828942  https://t.co/2s0Usv2OSY   xmastet videos videos de sorprendiendo a mi esposa masturbandose‚Ä¶ https://t.co/JkEk3woJLv	@canewsdi85	Tue Jul 24 16:15:12 +0000 2018
RT @KamarradaRobert: Lo que estos se√±ores no acaban de entender, es que ya no tienen la exclusividad de la opinion y la critica. Los medios‚Ä¶	@Dr_Lammoglia	Tue Jul 24 16:15:12 +0000 2018
Incongruencias puras  @INEMexico https://t.co/xjDzMwnsDo	@Anamalicia	Tue Jul 24 16:15:13 +0000 2018
RT @Helioflores_mex: APROVECHANDO LA CONFUSI√ìN. ‚Ä¶y a la voz de "el de atr√°s paga", EPN endeuda m√°s al pa√≠s. ( Pero algunos tuiteros se muer‚Ä¶	@DoctorYerBlues	Tue Jul 24 16:15:13 +0000 2018
RT @Norygzlz: @jorg3leiner @lizabeth1665 @Casvetech @PabloHiriart @ElFinanciero_Mx Este puto Chileno arrimado nom√°s escribe de #AMLO	@RafaelOvando4	Tue Jul 24 16:15:14 +0000 2018
RT @Bruninho7sacana: uma morena rs https://t.co/cNdVmXUcEF	@Naycunha321	Tue Jul 24 16:15:14 +0000 2018
RT @SinEmbargoMX: #Video "AMLO es una persona estupenda. Hizo un gran trabajo, un voto tremendo", dice Donald Trump https://t.co/AvpuDJusUi‚Ä¶	@BELOCHARLY	Tue Jul 24 16:15:14 +0000 2018
RT @SinEmbargoMX: AMLO anuncia inversi√≥n de 500 mil millones para 7 desarrollos de infraestructura "urgentes" https://t.co/lh5WRO0J1Y https‚Ä¶	@Rodrigo58127575	Tue Jul 24 16:15:15 +0000 2018
RT @yeidckol: La infamia del INE es may√∫scula quieren enlodar a Morena en base a suposiciones ya que no tienen ninguna prueba para avalar l‚Ä¶	@senognihc	Tue Jul 24 16:15:15 +0000 2018
La "F√≥rmula de las Ganancias" de "genios" como @memobarba y @dparamooficial:  --Outsourcing--  -Empleo en metro CDM‚Ä¶ https://t.co/WsTF02KTpc	@cesamo70	Tue Jul 24 16:15:15 +0000 2018
RT @jgnaredo: Quienes odian a los seguidores de @lopezobrador_ lo hacen, en parte, por envidia.  Y es que los detestan no tanto por AMLO, s‚Ä¶	@alejandrorxmv	Tue Jul 24 16:15:16 +0000 2018
RT @adrianawall: Urgen cambiar las narrativas de los medios en materia de drogas. Utilizar el concepto de "narcos" a todas las personas que‚Ä¶	@Versan71	Tue Jul 24 16:15:17 +0000 2018
Me gust√≥ un video de @YouTube https://t.co/f57djgPPt4 ¬°AMLO: No solo es 1 avi√≥n presidencial, HAY M√ÅS! ¬°Reporteros le aplauden	@ANGELITZMIN	Tue Jul 24 16:15:18 +0000 2018
Ya sabemos que Agoney no es https://t.co/u1iI8NcyGT	@anaparker_	Tue Jul 24 16:15:18 +0000 2018
@Mitofsky_group @lopezobrador_ Los m√°s de 30 millones de personas que elegimos a #Amlo, lo queremos mucho y somos legi√≥n, somos mayoria.	@LnVichy	Tue Jul 24 16:15:18 +0000 2018
RT @DeniseDresserG: Momento en el cual AMLO/Morena deber√≠an incluir en su agenda legislativa la reducci√≥n en 50 por ciento al financiamient‚Ä¶	@jarppymota	Tue Jul 24 16:15:18 +0000 2018
Acaso dir√°n algo de √©sto los medios de comunicaci√≥n, o seguir√°n d√°ndole con todo a #AMLO sobre el Fideicomiso. https://t.co/eNIWApSTin	@adrsol80	Tue Jul 24 16:15:19 +0000 2018
RT @ABarrancoCh: Se desgarraban las vestiduras los ardidos porque Morena recibir√≠a mil 500 millones en prerrogativas por su peso electoral,‚Ä¶	@talivan91	Tue Jul 24 16:15:19 +0000 2018
RT @Milenio: ¬°Donald Trump responde la carta de #AMLO! "Es una persona estupenda... espero trabajar con √©l" https://t.co/E4TBtu6wQ2 https:/‚Ä¶	@viroloja	Tue Jul 24 16:15:19 +0000 2018
Durante la transmisi√≥n  en #FacebookLive, el #INE recibi√≥ m√°s cr√≠ticas que aplausos por el anunci√≥ de la sanci√≥n a‚Ä¶ https://t.co/DMIOMkstHy	@EstrategiaLinea	Tue Jul 24 16:15:19 +0000 2018
RT @diazpol: Deben disminuir sustancialmente los recursos a los partidos pol√≠ticos. El dinero no debe primar por encima del servicio a la s‚Ä¶	@DELOVSKI976	Tue Jul 24 16:15:20 +0000 2018
Bajen a la mitad toda las prerrogativas. https://t.co/VeXOoDcTHu	@mavit173	Tue Jul 24 16:15:21 +0000 2018
RT @cesamo70: Que Morena y @lopezobrador_ tengan poder absoluto en M√©xico es lo mejor que pudo suceder...  Si hacen las cosas correctamente‚Ä¶	@JuntosHaremosH	Tue Jul 24 16:15:21 +0000 2018
RT @NachoRgz: Por decisi√≥n propia @EPN busca pelearse con el futuro presidente, en una operaci√≥n suicida y destinada a desmantelar todo el‚Ä¶	@natasha0key	Tue Jul 24 16:15:21 +0000 2018
Palabra de Mujer- por Roc√≠o Garc√≠a Olmedo  Punto 11. Cancelar Fideicomisos‚Ä¶    #AMLO  https://t.co/t97a9wETy1 https://t.co/eeMzNyrb6C	@mundomujeres	Tue Jul 24 16:15:21 +0000 2018
RT @llpp1402: Al paso que vamos, si AMLO decide financiar el muro entre M√©xico y EUA, sus seguidores se lo van a aplaudir.	@reaperstinky	Tue Jul 24 16:15:23 +0000 2018
RT @GmoSheridan: !Escrib√≠ hoy sobre el momento en que, seg√∫n sus ide√≥logos, AMLO dar√° la orden de virar al Sur!  https://t.co/YSctrtZnoQ	@aniquilante	Tue Jul 24 16:15:23 +0000 2018
Muchachas üíã https://t.co/7HncS2DUk2  de morena casarse conocido en l√≠nea conocer puma curitiba buscar servicios lat‚Ä¶ https://t.co/g6LjEq2HM8	@RayXiong9	Tue Jul 24 16:15:23 +0000 2018
RT @econoclasta: En los 23 a√±os que llevo escribiendo en @eleconomista critiqu√© muchas de las decisiones de pol√≠tica econ√≥mica de Zedillo,‚Ä¶	@juanra1224	Tue Jul 24 16:15:24 +0000 2018
RT @AlejandroPoire: @noel_maurer @aguilera1 @macariomx @ahope71 Agreed. One of the worst notions behind AMLO's letter to DJT is precisely t‚Ä¶	@hiram_elijah	Tue Jul 24 16:15:25 +0000 2018
RT @Namore89: "Morena, non ti vergogni ad abbracciarmi? Mi sento Obama, ti stanno fissando tutti!" "Ah, aspetta allora, ti abbraccio pi√π fo‚Ä¶	@matheanarchist	Tue Jul 24 16:15:25 +0000 2018
RT @MartinezTripp: @CiroGomezL @INEMexico #MORENA seguir√° actuando como lo ha hecho desde el primer momento, creando novelas para victimiza‚Ä¶	@ricardoentwit	Tue Jul 24 16:15:26 +0000 2018
RT @AMLONEWS: @alarcondibujos @elheraldo_mx El fideicomiso se creo para ayudar a los damnificados del sismo, por que dices que se "Morena c‚Ä¶	@Luisalb81378069	Tue Jul 24 16:15:26 +0000 2018
@DivinoTormento9 "√âsta cola significa LA BOLA DE IN√öTILES que est√°n actualmente en el Gobierno NADA RESUELVEN,esper‚Ä¶ https://t.co/e9UxrD2pUd	@koliblish	Sat Jul 28 01:35:04 +0000 2018
RT @soyelciudadano2: Hay alcaldes, diputados, gobernadores etc..q ah√≠ est√°n!Son del PRIoPAN,la √∫nica forma de sacar el pais adelante es q s‚Ä¶	@pueblomartin	Sat Jul 28 01:35:04 +0000 2018
RT @SinEmbargoTR: AMLO se adelanta en migraci√≥n, pero analistas dudan que Trump cumpla a M√©xico y Centroam√©rica https://t.co/fIejj7D7b5	@arquitecto_d	Sat Jul 28 01:35:04 +0000 2018
RT @PortalJessicaM: Toda loira tem sua morena! ‚ù§Ô∏è KAYNOPAUSSICA NO FORTAL https://t.co/ACPF24Ef25	@RahCAlmeida	Sat Jul 28 01:35:04 +0000 2018
RT @HernanGomezB: Aqu√≠ les dejo mi art√≠culo de hoy sobre el tema del fideicomiso de Morena https://t.co/y4vXzg8F8h	@iqmaverick	Sat Jul 28 01:35:05 +0000 2018
RT @yeidckol: Las campa√±as se deben hacer con valores y principios, no con dinero. En #morena vamos a revisar los gastos no necesarios, vam‚Ä¶	@HECTORCRUZCRU11	Sat Jul 28 01:35:06 +0000 2018
RT @LeniaBatres: De los que creen que todos son de su condici√≥n...  ‚ÄúSer√°n m√°s corruptos‚Äù por plan de austeridad de AMLO: diputado del PRD‚Ä¶	@renovatorivera	Sat Jul 28 01:35:07 +0000 2018
RT @CapitalMX_: #LoM√°sLe√≠do Tabasco podr√≠a convertirse en sede de la primera refiner√≠a de AMLO https://t.co/yfGgYTim5t	@NacionMX_	Sat Jul 28 01:35:07 +0000 2018
RT @funerariapayaso: @hdemauleon Lo merece, ha hecho m√°s que la Selecci√≥n Nacional desde 1986. √âl si lleg√≥ al 5o partido: PRI, PRD, PARM, P‚Ä¶	@josbondi	Sat Jul 28 01:35:07 +0000 2018
COMO PUEDE SER QUE DIJE JUAS YA ES 2018 MORENA	@allwithdabru	Sat Jul 28 01:35:07 +0000 2018
Morena Novinha Rebolando Sensacional  https://t.co/ZDm8YQ6Yub   falula teen latina nylons amateur cottaging movies	@pmakadam82	Sat Jul 28 01:35:09 +0000 2018
RT @Azztuto: A√∫n tengo la esperanza de que AMLO siga los pasos de Hugo Ch√°vez y de Fidel Castro.  Y se muera de c√°ncer durante su gobierno.	@ElpincheStarman	Sat Jul 28 01:35:09 +0000 2018
@brozoxmiswebs Que no tendra que explicar para que solicito ese dinero o ya lo pidio y se lo puede quedar, esto si‚Ä¶ https://t.co/LbBT3A0WA4	@alrangel51	Sat Jul 28 01:35:10 +0000 2018
Construir√°n una nueva refiner√≠a en Tabasco a partir de 2019...Aplicar√≠an 160,000 mdp : AMLO https://t.co/wITiYqbdME	@Notiviza	Sat Jul 28 01:35:10 +0000 2018
RT @Padisady: @Mexicanotitlan @DivinoTormento9 Ella dijo que renunciar√≠a a su pensi√≥n si ganaba Morena, esta pensi√≥n es mayor que la de cua‚Ä¶	@rfloresher	Sat Jul 28 01:35:11 +0000 2018
RT @PartidoMorenaMx: AMLO de camino a la Selva Lacandona, en vuelo comercial y rodeado de la gente  https://t.co/vsJuDag5LS https://t.co/lV‚Ä¶	@BOUCHOTBAEZA	Sat Jul 28 01:35:11 +0000 2018
RT @memobarba: Escucho a #AMLO hablar en vivo de los programas prioritarios de su pr√≥ximo gobierno, y no puedo mas que lamentar que M√©xico‚Ä¶	@mecl	Sat Jul 28 01:35:11 +0000 2018
RT @davzar27: @Revolucion3_0 @fernandeznorona @julioastillero trae consigna contra Amlo-Morena desde que iniciaron kas campa√±as, ha sido in‚Ä¶	@MAHP1804	Sat Jul 28 01:35:11 +0000 2018
RT @RegeneracionMx: AMLO la exploraci√≥n de nuevos yacimientos petroleros https://t.co/4jtk9slzVJ #EnVideo	@CarlosAJimnez4	Sat Jul 28 01:35:13 +0000 2018
RT @Revolucion3_0: AMLO anuncia que Morena no aceptar√° los mil 400 mdp de prerrogativas econ√≥micas a que tiene derecho por su triunfo en la‚Ä¶	@tamez_guajardo	Sat Jul 28 01:35:13 +0000 2018
RT @exmariachi: No te la vas a coger, salu2 https://t.co/0QrAWWGivy	@GRamirezJ	Sat Jul 28 01:35:14 +0000 2018
RT @CapitalMX_: #LoM√°sLe√≠do Sarukh√°n advierte crisis con dem√≥cratas por carta de AMLO https://t.co/0H6IROeklS	@NacionMX_	Sat Jul 28 01:35:14 +0000 2018
RT @DivinoTormento9: Que Manuel Bartlett no era parte de aquella antigua "Mafia del poder" de la que tanto habl√≥ AMLO?   Bienvenidos a la t‚Ä¶	@EdgarAlejandrob	Sat Jul 28 01:35:16 +0000 2018
RT @brozoxmiswebs: ¬°SE VOL√ì LA BARDA HENRY! LE DEJAR√Å A AMLO UNA DEUDA SIN PRECEDENTE, CASI 10 BILLONES DE PESOS EQUIVALENTES AL 42.4% del‚Ä¶	@BenitoJaramill2	Sat Jul 28 01:35:17 +0000 2018
RT @lhan55: Don @400conejos se puso triste porque tuite√© que @padresolalinde dej√≥ pasar la oportunidad de quedarse callado. S√≠ gusta le man‚Ä¶	@gracielacorona2	Sat Jul 28 01:35:17 +0000 2018
RT @ximeflows: Sergio zurita el que atacaba atraves de su programucho de radio a lopez obrador y no para de elogiar a meade y que dijo que‚Ä¶	@nop90	Sat Jul 28 01:35:17 +0000 2018
Morena linda! ‚Äî Obrigada ‚ù§Ô∏è https://t.co/h13yjGIcf8	@aliandrasm	Sat Jul 28 01:35:18 +0000 2018
RT @Nacion321: #REPORTE #AHORA "Si estoy nada m√°s en la oficina, me voy a volver tecn√≥crata", dijo @lopezobrador_ antes de partir camino a‚Ä¶	@krishna3363	Sat Jul 28 01:35:19 +0000 2018
RT @SafieSC: üì∞#EU ve para agosto llegar a un acuerdo sobre #TLCAN; Morena busca cortar 4 mmdp a Congreso; Grupo Monterrey y @lopezobrador_‚Ä¶	@marortegat	Sat Jul 28 01:35:20 +0000 2018
RT @AmloHaceCosas: Amlo estrenando la c√°mara de su iphone x en modalidad portrait https://t.co/yvHVbUSoZz	@Gerardo06494300	Sat Jul 28 01:35:21 +0000 2018
RT @13_iracheta: EN TIEMPOS DE CAMPA√ëA AMLO SE OFEND√çA CUANDO LO COMPARABAN CON TRUMP; PERO AHORA ES EL MISMO ANDR√âS MANUEL QUIEN PRESUME S‚Ä¶	@marga2712	Sat Jul 28 02:02:33 +0000 2018
RT @diazpol: Amlo inventa el trabajo de campo presidencial. Vaya. AMLO deja la oficina para no volverse "tecn√≥crata"; va a la Selva Lacando‚Ä¶	@NelaBarry	Sat Jul 28 02:02:34 +0000 2018
RT @IvandeJVM: NACIONAL  POL√çTICA  PRI Oficial M√©xico deber√° desembolsar 120 mil pesos por spot vs Nestora Salgado. El TEPJF mult√≥ al parti‚Ä¶	@AMLONEWS	Sat Jul 28 02:02:34 +0000 2018
RT @ANDROMACO64: Recomiendo leer columna de @jorgesuarezv   Del fideicomiso de Morena para damnificados, cito:  ‚ÄúEsa operaci√≥n de lavado de‚Ä¶	@ELCIUDADANOCAIN	Sat Jul 28 02:02:34 +0000 2018
RT @MarvanMaria: AMLO le dijo a Trump que sembraremos un mill√≥n de √°rboles üå≤ üå≥ para generar 400 mil empleos Tendremos los √°rboles mejor cui‚Ä¶	@prlourdesl	Sat Jul 28 02:02:35 +0000 2018
A morena mais linda do 600 kkkk ‚Äî Aff kkkk se for qm eu t√¥ pensando kkkk üíï https://t.co/JspUrxczZr	@th4_Dardanne	Sat Jul 28 02:02:35 +0000 2018
RT @SadApht: Mandou mensagem // N√£o √© a morena https://t.co/sRu4lZ6w4p	@Igorsm_bR	Sat Jul 28 02:02:37 +0000 2018
RT @Naye1i: Cuando lleg√≥ a la SRE Videgaray y tropez√≥ al decir que iba a aprender, por m√°s que era una expresi√≥n ret√≥rica con la que ped√≠a‚Ä¶	@rociogl36	Sat Jul 28 02:02:37 +0000 2018
RT @MBARBIEMAROMBA: GOSTOU DE SEU RT. ESSA FOTO MERECE 200 RT ? Morena do rabo colossal como diz @BradMontana @AndarilhoGPGUIA @SorayaCario‚Ä¶	@pepekasS4	Sat Jul 28 02:02:38 +0000 2018
RT @JuanIZavala: AMLO decidi√≥ compararse con Trump y hacer p√∫blicas sus semejanzas. Todos los d√≠as habla, todos los d√≠as se√±ala, advierte,‚Ä¶	@FlorMontalvo1	Sat Jul 28 02:02:38 +0000 2018
droga, que morena gata ü§§‚ù§Ô∏è	@victorinha88	Sat Jul 28 02:02:38 +0000 2018
RT @LaVozdeDurango: #Nacional - Equipo de AMLO en negociaci√≥n del TLCAN da certidumbre: EPN - https://t.co/CAeNBeAoNm https://t.co/MyE2Jqq0‚Ä¶	@Aaron_QD	Sat Jul 28 02:02:38 +0000 2018
uma morena de cabelo cacheado tem seu valor üòù‚ù§Ô∏è	@Qvsbruninho	Sat Jul 28 02:02:39 +0000 2018
RT @AntiTelevisaMx: Salarios en M√©xico:  Ministro de la Corte gana, $12,765 pesos diarios  Consejero del INE gana, $11,975 pesos diarios  S‚Ä¶	@pulques_elrey	Sat Jul 28 02:02:39 +0000 2018
RT @LeniaBatres: De los que creen que todos son de su condici√≥n...  ‚ÄúSer√°n m√°s corruptos‚Äù por plan de austeridad de AMLO: diputado del PRD‚Ä¶	@Yumilceh	Sat Jul 28 02:02:42 +0000 2018
RT @yeidckol: Estoy en entrevista con @MarioCNN, en #morena vamos a renunciar al 50% del financiamiento. @lopezobrador_ gobernar√° con auste‚Ä¶	@Roberto36451766	Sat Jul 28 02:02:43 +0000 2018
RT @LeniaBatres: M√°s del 80% est√° de acuerdo en que AMLO baje salario del Presidente y altos funcionarios: encuesta Reforma https://t.co/Pn‚Ä¶	@matyht2005	Sat Jul 28 02:02:44 +0000 2018
Muy buena noticia. Felicidades y vamos sumando	@GeorgeAruan	Sat Jul 28 02:02:46 +0000 2018
RT @taller2006: Aqu√≠ el presidente Andr√©s Manuel Lopez Obrador en un arrollo en Chiapas, conviviendo con una familia de aquel para√≠so. AMLO‚Ä¶	@4e875aa1783840e	Sat Jul 28 02:02:46 +0000 2018
Corredor en el Istmo, prioridad: AMLO¬†(Oaxaca) https://t.co/8r8RViW83A https://t.co/K0S5FU38si	@GrietaMedio	Sat Jul 28 02:02:47 +0000 2018
